Gas Station Name,Address
7-Eleven,"1349 Alpine Ave NW, Grand Rapids, MI"
Meijer,"1999 E Beltline Ave NE, Grand Rapids, MI"
Circle K,"514 Michigan St NE, Grand Rapids, MI"
7-Eleven,"1001 W Fulton St, Grand Rapids, MI"
Meijer,"5500 Clyde Park SW, Wyoming, MI"
Meijer,"3757 Plainfield Ave NE, Grand Rapids, MI"
Mobil Mart,"248 Cherry St SW, Grand Rapids, MI"
Consolidated Stations,"1212 Michigan St NE, Grand Rapids, MI"
7-Eleven,"876 Fuller Ave NE, Grand Rapids, MI"
Speedway,"2754 Alpine Ave NW, Grand Rapids, MI"
7-Eleven,"1253 Burton St SW, Wyoming, MI"
Consolidated Stations,"501 68th St SW, Grand Rapids, MI"
Circle K,"1530 44th St SW, Wyoming, MI"
7-Eleven,"4429 Breton Rd SE, Kentwood, MI"
Speedway,"4045 28th St SE, Grand Rapids, MI"
Speedway,"815 52nd St SE, Kentwood, MI"
7-Eleven,"888 Forest Hill Ave SE, Grand Rapids, MI"
Speedway,"5173 Broadmoor Ave SE, Kentwood, MI"
Crystal Flash Energy,"1760 Alpine Ave NW, Grand Rapids, MI"
Amoco,"438 Stocking Ave NW, Grand Rapids, MI"
Next Door Food Store,"14226 Ironwood Dr NW, Grand Rapids, MI"
Pacific Pride,"O-305 Lake Michigan Dr NW, Grand Rapids, MI"
Admiral Petroleum,"346 Fulton St W, Grand Rapids, MI"
Four Star,"1045 Chicago Dr SW, Wyoming, MI"
Amoco,"2035 Lake Michigan Dr NW, Grand Rapids, MI"
Admiral Petroleum,"2366 Alpine Ave NW, Grand Rapids, MI"
Meijer,"5500 Clyde Park Ave SW, Wyoming, MI"
Admiral Petroleum,"3221 S Division Ave, Wyoming, MI"
Shell,"747 Leonard St NW, Grand Rapids, MI"
BP,"801 Franklin St SE, Grand Rapids, MI"
Amoco,"1 Hall St SW, Grand Rapids, MI"
BP,"2763 Madison Ave SE, Grand Rapids, MI"
Mobil Mart,"1229 Walker Ave NW, Grand Rapids, MI"
Citgo,"5450 Northland Dr NE, Grand Rapids, MI"
Consolidated Stations,"1150 Fuller Ave NE, Grand Rapids, MI"
Shell,"1801 Monroe Ave NW, Grand Rapids, MI"
Citgo,"1133 Leonard St NE, Grand Rapids, MI"
Amoco,"1169 E Beltline Ave NE, Grand Rapids, MI"
Mobil Mart,"2171 Plainfield Ave NE, Grand Rapids, MI"
Petro Mart,"1601 Eastern Ave SE, Grand Rapids, MI"
Value Market Express,"2111 Plainfield Ave NE, Grand Rapids, MI"
Meijer,"1999 E Beltline Ave NE, Grand Rapids, MI"
Mobil Mart,"335 Burton St SW, Grand Rapids, MI"
Shell,"1965 Fuller Ave NE, Grand Rapids, MI"
C Store,"3609 Burlingame Ave SW, Wyoming, MI"
Shell,"415 Division Ave S, Grand Rapids, MI"
Admiral Petroleum,"4219 Kalamazoo Ave SE, Grand Rapids, MI"
Marathon,"1405 Burton St SE, Grand Rapids, MI"
Mobil Mart,"800 28th St SW, Wyoming, MI"
Best Service,"4417 Remembrance Rd NW, Grand Rapids, MI"
Mobil Mart,"2411 Burton St SE, Grand Rapids, MI"
Amoco,"3110 Plainfield Ave NE, Grand Rapids, MI"
Mobil Mart,"3434 Remembrance Rd NW, Grand Rapids, MI"
Amoco,"1639 Leonard St NW, Grand Rapids, MI"
Speedway,"1533 Leonard St NE, Grand Rapids, MI"
Amoco,"150 36th St SW, Grand Rapids, MI"
D&P Gasoline,"3600 Clyde Park Ave SW, Wyoming, MI"
Admiral Petroleum,"2111 Plainfield Ave NE, Grand Rapids, MI"
Shell,"2363 28th St SE, Grand Rapids, MI"
Thunder Bay,"5000 Plainfield Ave NE, Grand Rapids, MI"
Marathon,"2808 E Beltline Ave NE, Grand Rapids, MI"
Speedway,"4018 Cascade Rd SE, Grand Rapids, MI"
Amoco,"3895 Plainfield Ave NE, Grand Rapids, MI"
Citgo,"5189 28th St SE, Grand Rapids, MI"
Speedway,"2750 Lake Michigan Dr NW, Grand Rapids, MI"
Shell,"808 44th St SW, Wyoming, MI"
Sunoco,"777 44th St SE, Grand Rapids, MI"
C Store,"4591 Cascade Rd SE, Grand Rapids, MI"
Citgo,"3050 Fruit Ridge Ave NW, Grand Rapids, MI"
Meijer,"1920 44th St SE, Grand Rapids, MI"
Shell,"3960 28th St SE, Grand Rapids, MI"
Marathon,"4908 Division Ave S, Grand Rapids, MI"
Speedway,"3315 Division Ave S, Grand Rapids, MI"
Shell,"5381 Division Ave S, Grand Rapids, MI"
Citgo,"4088 Lake Michigan Dr NW, Grand Rapids, MI"
Amoco,"5155 28th St SE, Grand Rapids, MI"
Shell,"4033 Cascade Rd SE, Grand Rapids, MI"
Shell,"2600 E Beltline Ave SE, Grand Rapids, MI"
Citgo,"3214 28th St SE, Grand Rapids, MI"
Speedway,"4096 Plainfield Ave NE, Grand Rapids, MI"
C Store,"5556 28th St SE, Grand Rapids, MI"
Value Market Express,"3744 3 Mile Rd NW, Grand Rapids, MI"
Friendly Food Shops,"6045 Kalamazoo Ave SE, Grand Rapids, MI"
Shell,"1201 Michigan St NE, Grand Rapids, MI"
BP,"1 Hall St SW, Grand Rapids, MI"
Lemmen Convenience Mart,"544 68th St SW, Grand Rapids, MI"
Family Fare,"1201 Leonard St NE, Grand Rapids, MI"
BP,"1560 Lake Dr SE, Grand Rapids, MI"
Citgo,"6820 Cascade Rd SE, Grand Rapids, MI"
Value Market Express,"5185 Kalamazoo Ave SE, Grand Rapids, MI"
Shell,"1914 Willard Ave SE, Grand Rapids, MI"
Mobil Mart,"4919 Town Center Ct SE, Grand Rapids, MI"
Metro,"5 28th St SW, Grand Rapids, MI"
D&W Quick Stop,"1810 Breton Rd SE, Grand Rapids, MI"
Meijer,"2900 Kalamazoo Ave SE, Grand Rapids, MI"
Amoco,"4405 S Division Ave, Grand Rapids, MI"
Friendly Food Shops,"6799 Cascade Rd SE, Grand Rapids, MI"
Citgo,"6364 Division Ave S, Grand Rapids, MI"
Speedway,"4665 44th St SE, Kentwood, MI"
Meijer,"1600 28th St SW, Wyoming, MI"
7-Eleven,"2356 Porter St SW, Wyoming, M"
Speedway,"4121 W River Dr NE, Comstock Park, MI"
7-Eleven,"4258 Alpine Ave NW, Comstock Park, MI"
Mobil Mart,"2257 Chicago Dr SW, Wyoming, MI"
Speedway,"4390 Byron Center Ave SW, Wyoming, MI"
Circle K,"4811 W River Dr NE, Comstock Park, MI"
Next Door Food Store,"4616 Alpine Ave NW, Comstock Park, MI"
Meijer,"0-550 Baldwin St, Jenison, MI"
Speedway,"4235 Chicago Dr SW, Grandville, MI"
EZ Mart,"3623 Alpine Ave NW, Comstock Park, MI"
BP,"2400 28th St SW, Wyoming, MI"
7-Eleven,"420 Baldwin St, Jenison, MI"
Amoco,"4558 W River Dr NE, Comstock Park, MI"
Nj Quick Mart,"3830 Chicago Dr SW, Grandville, MI"
Shell,"3960 28th St SW, Grandville, MI"
Speedway,"1815 Baldwin St, Jenison, MI"
Admiral Petroleum,"4315 Chicago Dr SW, Grandville, MI"
Marathon,"3980 44th St SW, Grandville, MI"
Meijer,"5960 Alpine Ave NW, Comstock Park, MI"
Mobil Mart,"5568 Byron Center Ave SW, Wyoming, MI"
Mobil Mart,"4380 Kenowa Ave SW, Grandville, MI"
Speedway,"4617 Lake Michigan Dr, Allendale, MI"
Speedway,"552 Ada Dr SE, Ada, MI"
Mobil Mart,"1991 Baldwin St, Jenison, MI"
Shell,"1625 Marketplace Dr SE, Caledonia, MI"
Marathon,"1355 Post Dr NE, Belmont, MI"
Sunrise Auto Plaza,"7100 Fulton St E, Ada, MI"
Shell,"1460 Franklin St, Marne, MI"
Marathon,"2271 Port Sheldon St, Jenison, MI"
Marathon,"3980 44th street, Grandville, MI"
Family Fare,"7599 Clyde Park Ave SW # A, Byron Center, MI"
Cannonsburg Grist Mill,"8000 Cannonsburg Road Northeast, Rockford, MI"
Amoco,"3495 68th St SE, Dutton, MI"
Mobil Mart,"8501 Algoma Ave NE, Rockford, MI"
Amoco,"2807 Port Sheldon St, Hudsonville, MI"
Marathon,"275 84th St SW, Byron Center, MI"
Amoco,"2770 10 Mile Rd NE, Rockford, MI"
Mobil Mart,"4842 Port Sheldon St, Hudsonville, MI"
Mobil Mart,"6485 Belding Rd NE, Rockford, MI"
C Store,"66 E Bridge St, Rockford, MI"
Amoco,"284 84th St SW, Byron Center, MI"
Wesco World,"434 S State St, Sparta, MI"
Amoco,"4640 32nd Ave, Hudsonville, MI"
Shell,"8391 Byron Center Ave SW, Byron Center, MI"
Mobil Mart,"3700 Chicago Dr, Hudsonville, MI"
Amoco,"9633 Cherry Valley Ave SE, Caledonia, MI"
Amoco,"470 E Division St, Rockford, MI"
Admiral Petroleum,"206 S State St, Sparta, MI"
BP,"8353 Byron Center Ave SW, Byron Center, MI"
C Store,"9807 Cherry Valley Ave SE, Caledonia, MI"
Campau Corner,"6785 Whitneyville Ave SE, Alto, MI"
D&W Quick Stop,"9441 Cherry Valley Ave SE, Caledonia, MI"
,
